time,cpu_usage,temperature,is_anomaly
2024-01-01 00:00:00,80,50.30227289246686,0
2024-01-01 00:01:00,63,61.1189416674614,0
2024-01-01 00:02:00,77,41.97565381253223,0
2024-01-01 00:03:00,48,57.14262434159513,0
2024-01-01 00:04:00,94,60.512320103235666,1
2024-01-01 00:05:00,63,36.961906766694426,0
2024-01-01 00:06:00,27,25.405624872813036,0
2024-01-01 00:07:00,72,57.008702967146995,0
2024-01-01 00:08:00,23,63.478650931228145,0
2024-01-01 00:09:00,36,49.281865593907554,0
2024-01-01 00:10:00,48,40.843685512779786,0
2024-01-01 00:11:00,96,63.93025730445116,1
2024-01-01 00:12:00,86,61.56120397994856,0
2024-01-01 00:13:00,45,37.155090295884335,0
2024-01-01 00:14:00,53,74.02845775156234,0
2024-01-01 00:15:00,44,30.073261138185984,0
2024-01-01 00:16:00,21,23.876021310043647,0
2024-01-01 00:17:00,99,49.326941354386506,1
2024-01-01 00:18:00,47,72.97060074285451,0
2024-01-01 00:19:00,73,58.46073589778463,0
2024-01-01 00:20:00,22,77.26539722959046,1
2024-01-01 00:21:00,73,23.270267191850603,0
2024-01-01 00:22:00,68,47.82675860056944,0
2024-01-01 00:23:00,78,68.50912435896944,0
2024-01-01 00:24:00,67,48.11781620291724,0
2024-01-01 00:25:00,11,36.97202316046426,0
2024-01-01 00:26:00,41,57.819878672251775,0
2024-01-01 00:27:00,31,44.449126909624454,0
2024-01-01 00:28:00,34,59.51766610675035,0
2024-01-01 00:29:00,10,61.28274194002751,0
2024-01-01 00:30:00,56,63.21589337787478,0
2024-01-01 00:31:00,19,21.48743133108216,0
2024-01-01 00:32:00,33,57.392963548753414,0
2024-01-01 00:33:00,98,45.08259483165987,1
2024-01-01 00:34:00,14,71.72270468979744,0
2024-01-01 00:35:00,31,33.75589425204821,0
2024-01-01 00:36:00,41,55.42341934359281,0
2024-01-01 00:37:00,17,58.33544705386134,0
2024-01-01 00:38:00,98,20.224053193942048,1
2024-01-01 00:39:00,44,38.842035985246895,0
2024-01-01 00:40:00,49,39.36771979527386,0
2024-01-01 00:41:00,85,64.52162364064647,0
2024-01-01 00:42:00,67,31.287542966873904,0
2024-01-01 00:43:00,95,71.90713672293904,1
2024-01-01 00:44:00,59,36.76186512755282,0
2024-01-01 00:45:00,40,26.242912414930988,0
2024-01-01 00:46:00,51,52.15857921676219,0
2024-01-01 00:47:00,64,39.95841579091815,0
2024-01-01 00:48:00,47,38.08488652073989,0
2024-01-01 00:49:00,11,27.514402127448363,0
2024-01-01 00:50:00,27,72.76199112271308,0
2024-01-01 00:51:00,89,68.85602947057342,0
2024-01-01 00:52:00,23,48.73701645676459,0
2024-01-01 00:53:00,70,69.50118407049361,0
2024-01-01 00:54:00,70,38.00663302489227,0
2024-01-01 00:55:00,10,55.4397266712837,0
2024-01-01 00:56:00,77,23.65597798568841,0
2024-01-01 00:57:00,59,76.59792911981744,1
2024-01-01 00:58:00,24,51.14167430758508,0
2024-01-01 00:59:00,94,44.415832513032136,1
2024-01-01 01:00:00,53,35.914537902769446,0
2024-01-01 01:01:00,35,78.12356198358302,1
2024-01-01 01:02:00,55,35.717327100470804,0
2024-01-01 01:03:00,82,38.57957692814476,0
2024-01-01 01:04:00,12,52.35437532260375,0
2024-01-01 01:05:00,61,24.27706483226948,0
2024-01-01 01:06:00,19,20.27950348069302,0
2024-01-01 01:07:00,97,44.98943928159563,1
2024-01-01 01:08:00,11,73.38739067800213,0
2024-01-01 01:09:00,54,76.58701020899639,1
2024-01-01 01:10:00,25,74.29040928614349,0
2024-01-01 01:11:00,100,49.20177084129735,1
2024-01-01 01:12:00,70,42.36504088955102,0
2024-01-01 01:13:00,85,37.77405122716783,0
2024-01-01 01:14:00,70,41.67441078867207,0
2024-01-01 01:15:00,87,33.12761223793655,0
2024-01-01 01:16:00,38,52.72264394221196,0
2024-01-01 01:17:00,75,49.3084587713312,0
2024-01-01 01:18:00,82,25.904531135399644,0
2024-01-01 01:19:00,20,20.442617474304193,0
2024-01-01 01:20:00,16,31.380236358077596,0
2024-01-01 01:21:00,61,73.8943615677323,0
2024-01-01 01:22:00,43,33.8030554590011,0
2024-01-01 01:23:00,86,29.6294390884058,0
2024-01-01 01:24:00,85,79.94664024412359,1
2024-01-01 01:25:00,82,70.8638132027767,0
2024-01-01 01:26:00,93,43.077703219063736,1
2024-01-01 01:27:00,29,22.427154885590724,0
2024-01-01 01:28:00,54,63.98291383747909,0
2024-01-01 01:29:00,38,78.64504719780533,1
2024-01-01 01:30:00,50,42.94647650714618,0
2024-01-01 01:31:00,19,66.65445553597657,0
2024-01-01 01:32:00,100,42.15322109953486,1
2024-01-01 01:33:00,90,65.76136070644121,0
2024-01-01 01:34:00,49,53.710751683846794,0
2024-01-01 01:35:00,86,49.794052524447736,0
2024-01-01 01:36:00,10,69.58592389777073,0
2024-01-01 01:37:00,68,41.305457443347336,0
2024-01-01 01:38:00,76,39.6598117170923,0
2024-01-01 01:39:00,39,48.59097252174381,0
2024-01-01 01:40:00,21,38.24624675446033,0
2024-01-01 01:41:00,25,28.406334405400273,0
2024-01-01 01:42:00,100,72.66638822777901,1
2024-01-01 01:43:00,58,77.20725996140233,1
2024-01-01 01:44:00,56,25.45331257752599,0
2024-01-01 01:45:00,99,49.51922280233984,1
2024-01-01 01:46:00,58,62.61365993389583,0
2024-01-01 01:47:00,93,60.371205688584766,1
2024-01-01 01:48:00,13,20.474032777521657,0
2024-01-01 01:49:00,78,34.559034042482686,0
2024-01-01 01:50:00,70,57.013628415812065,0
2024-01-01 01:51:00,93,78.6249895498685,1
2024-01-01 01:52:00,99,50.50161361821847,1
2024-01-01 01:53:00,53,40.49342265749748,0
2024-01-01 01:54:00,87,28.349744933269104,0
2024-01-01 01:55:00,12,62.675631185674014,0
2024-01-01 01:56:00,43,54.890481232189686,0
2024-01-01 01:57:00,11,39.30667497468243,0
2024-01-01 01:58:00,98,28.783901706391227,1
2024-01-01 01:59:00,37,36.36427230475474,0
2024-01-01 02:00:00,32,20.280606247233038,0
2024-01-01 02:01:00,14,27.294915279874875,0
2024-01-01 02:02:00,19,24.654828145019987,0
2024-01-01 02:03:00,64,54.130704049150594,0
2024-01-01 02:04:00,12,61.08831838253278,0
2024-01-01 02:05:00,92,43.54596158562855,1
2024-01-01 02:06:00,73,62.71952442133424,0
2024-01-01 02:07:00,74,43.44278683016451,0
2024-01-01 02:08:00,77,31.19146267283432,0
2024-01-01 02:09:00,87,73.74767505594333,0
2024-01-01 02:10:00,69,65.5487906889423,0
2024-01-01 02:11:00,37,78.21577275537084,1
2024-01-01 02:12:00,67,58.263105237044314,0
2024-01-01 02:13:00,69,31.075574741818954,0
2024-01-01 02:14:00,66,29.092922041444947,0
2024-01-01 02:15:00,63,66.39847303668571,0
2024-01-01 02:16:00,38,59.283067514082646,0
2024-01-01 02:17:00,69,50.00362401381125,0
2024-01-01 02:18:00,85,34.01661409911795,0
2024-01-01 02:19:00,31,65.84915551073837,0
2024-01-01 02:20:00,93,51.33488104017012,1
2024-01-01 02:21:00,46,27.680076912628728,0
2024-01-01 02:22:00,20,52.327851019733295,0
2024-01-01 02:23:00,33,53.054109172769095,0
2024-01-01 02:24:00,80,67.2431416001537,0
2024-01-01 02:25:00,74,22.28352988007428,0
2024-01-01 02:26:00,87,62.21474763259525,0
2024-01-01 02:27:00,85,76.55438725343352,1
2024-01-01 02:28:00,74,49.74307045290861,0
2024-01-01 02:29:00,37,20.488255359535245,0
2024-01-01 02:30:00,46,32.00082950207165,0
2024-01-01 02:31:00,27,40.872585983310096,0
2024-01-01 02:32:00,28,64.32566055117269,0
2024-01-01 02:33:00,79,39.359499442805145,0
2024-01-01 02:34:00,32,40.18247216971625,0
2024-01-01 02:35:00,63,72.78380872511738,0
2024-01-01 02:36:00,84,46.55147479565138,0
2024-01-01 02:37:00,30,75.32115572231916,1
2024-01-01 02:38:00,67,58.114551356286285,0
2024-01-01 02:39:00,37,74.35996106500204,0
2024-01-01 02:40:00,94,37.78214045763323,1
2024-01-01 02:41:00,42,23.268822162525872,0
2024-01-01 02:42:00,29,33.80179665802042,0
2024-01-01 02:43:00,74,74.1917772528995,0
2024-01-01 02:44:00,10,48.63116033209205,0
2024-01-01 02:45:00,76,31.238114204955274,0
2024-01-01 02:46:00,86,77.90442015410426,1
2024-01-01 02:47:00,94,26.760393666240155,1
2024-01-01 02:48:00,97,38.848767765202716,1
2024-01-01 02:49:00,20,35.087306301171715,0
2024-01-01 02:50:00,95,50.74910913231861,1
2024-01-01 02:51:00,47,41.96107988428769,0
2024-01-01 02:52:00,75,52.7428126021527,0
2024-01-01 02:53:00,59,46.40948536121026,0
2024-01-01 02:54:00,74,53.67433342321994,0
2024-01-01 02:55:00,69,47.35696545840725,0
2024-01-01 02:56:00,87,57.509747245651425,0
2024-01-01 02:57:00,29,21.387521797724336,0
2024-01-01 02:58:00,61,20.701308513998544,0
2024-01-01 02:59:00,21,35.4563690176579,0
2024-01-01 03:00:00,84,51.06589459425015,0
2024-01-01 03:01:00,16,78.6967863784801,1
2024-01-01 03:02:00,10,22.76431594147346,0
2024-01-01 03:03:00,67,42.39726939590471,0
2024-01-01 03:04:00,98,30.821709502644676,1
2024-01-01 03:05:00,65,46.2782694438214,0
2024-01-01 03:06:00,54,35.58079794574743,0
2024-01-01 03:07:00,48,35.91661034798409,0
2024-01-01 03:08:00,79,64.86855340459027,0
2024-01-01 03:09:00,73,25.024424894653492,0
2024-01-01 03:10:00,21,54.36372976775419,0
2024-01-01 03:11:00,91,26.30203376139994,1
2024-01-01 03:12:00,88,36.368616822586446,0
2024-01-01 03:13:00,89,79.18719583207397,1
2024-01-01 03:14:00,23,78.02120630249652,1
2024-01-01 03:15:00,27,70.30141330331958,0
2024-01-01 03:16:00,41,75.02173821766382,1
2024-01-01 03:17:00,17,60.05710218524507,0
2024-01-01 03:18:00,91,29.062234867659754,1
2024-01-01 03:19:00,11,69.55759554575653,0
2024-01-01 03:20:00,10,32.508396045449246,0
2024-01-01 03:21:00,11,60.787399123739824,0
2024-01-01 03:22:00,70,42.326298687333434,0
2024-01-01 03:23:00,78,52.60724924999335,0
2024-01-01 03:24:00,48,27.126759292371624,0
2024-01-01 03:25:00,33,39.65654768330577,0
2024-01-01 03:26:00,48,53.15338342362345,0
2024-01-01 03:27:00,100,60.19235108389444,1
2024-01-01 03:28:00,28,32.124076738720035,0
2024-01-01 03:29:00,75,60.290646680324414,0
2024-01-01 03:30:00,53,64.11640223814744,0
2024-01-01 03:31:00,39,46.184319321661135,0
2024-01-01 03:32:00,77,65.4754052309134,0
2024-01-01 03:33:00,90,52.89849448320416,0
2024-01-01 03:34:00,78,32.79361027247299,0
2024-01-01 03:35:00,61,23.19861734377294,0
2024-01-01 03:36:00,19,55.973991818873365,0
2024-01-01 03:37:00,36,23.809879505561312,0
2024-01-01 03:38:00,77,71.77446762175603,0
2024-01-01 03:39:00,94,27.565381129374213,1
2024-01-01 03:40:00,65,38.80613630115355,0
2024-01-01 03:41:00,66,63.0082095706386,0
2024-01-01 03:42:00,89,33.10437248870957,0
2024-01-01 03:43:00,50,72.07741869571797,0
2024-01-01 03:44:00,45,30.949277296507557,0
2024-01-01 03:45:00,88,29.02618821001406,0
2024-01-01 03:46:00,23,43.38416577794129,0
2024-01-01 03:47:00,42,25.663413468828686,0
2024-01-01 03:48:00,10,47.613567882480666,0
2024-01-01 03:49:00,83,46.442240481703465,0
2024-01-01 03:50:00,16,25.147112028845548,0
2024-01-01 03:51:00,49,32.82954867406596,0
2024-01-01 03:52:00,41,23.76240112839869,0
2024-01-01 03:53:00,54,78.36079759593812,1
2024-01-01 03:54:00,52,27.093154481644035,0
2024-01-01 03:55:00,54,67.571161801361,0
2024-01-01 03:56:00,56,29.550852889593102,0
2024-01-01 03:57:00,24,70.12627517068569,0
2024-01-01 03:58:00,80,55.85510744945242,0
2024-01-01 03:59:00,23,32.6261698501753,0
2024-01-01 04:00:00,61,74.79586719611761,0
2024-01-01 04:01:00,58,31.330913425397764,0
2024-01-01 04:02:00,11,58.5358006543561,0
2024-01-01 04:03:00,86,26.808108312549486,0
2024-01-01 04:04:00,44,68.14511854560978,0
2024-01-01 04:05:00,38,50.788673685134306,0
2024-01-01 04:06:00,57,20.15206941359792,0
2024-01-01 04:07:00,60,20.25214004226114,0
2024-01-01 04:08:00,70,45.40898699611349,0
2024-01-01 04:09:00,20,65.59799738401212,0
2024-01-01 04:10:00,89,52.73402660473572,0
2024-01-01 04:11:00,67,75.76707375743192,1
2024-01-01 04:12:00,17,55.5140744407338,0
2024-01-01 04:13:00,91,45.916849074679845,1
2024-01-01 04:14:00,76,65.63855920456334,0
2024-01-01 04:15:00,69,38.910469174011595,0
2024-01-01 04:16:00,75,79.28211008666406,1
2024-01-01 04:17:00,87,60.652331176975856,0
2024-01-01 04:18:00,23,57.48489785781572,0
2024-01-01 04:19:00,44,27.515078281152825,0
2024-01-01 04:20:00,54,78.11487293195819,1
2024-01-01 04:21:00,77,31.751387382912473,0
2024-01-01 04:22:00,57,28.610880101569748,0
2024-01-01 04:23:00,13,30.337414117905702,0
2024-01-01 04:24:00,54,37.959829920063044,0
2024-01-01 04:25:00,82,71.7069947903098,0
2024-01-01 04:26:00,38,58.29511460736394,0
2024-01-01 04:27:00,18,36.681183241974026,0
2024-01-01 04:28:00,88,72.0071634430176,0
2024-01-01 04:29:00,55,66.18952412339813,0
2024-01-01 04:30:00,58,28.042379121255916,0
2024-01-01 04:31:00,72,48.44400303508049,0
2024-01-01 04:32:00,48,26.18644563926304,0
2024-01-01 04:33:00,36,43.614444493654304,0
2024-01-01 04:34:00,29,36.53360761936853,0
2024-01-01 04:35:00,64,47.842786059872765,0
2024-01-01 04:36:00,71,74.88440731464343,0
2024-01-01 04:37:00,83,55.13500066994636,0
2024-01-01 04:38:00,88,29.767875353004666,0
2024-01-01 04:39:00,64,39.83412278474155,0
2024-01-01 04:40:00,18,76.28877960553442,1
2024-01-01 04:41:00,28,47.911874030565386,0
2024-01-01 04:42:00,40,65.65293337352801,0
2024-01-01 04:43:00,23,58.44792213782074,0
2024-01-01 04:44:00,46,56.07294896102287,0
2024-01-01 04:45:00,11,68.75639810544854,0
2024-01-01 04:46:00,99,35.84463389453823,1
2024-01-01 04:47:00,38,72.15337489009316,0
2024-01-01 04:48:00,94,43.58601678748167,1
2024-01-01 04:49:00,52,49.741898707515084,0
2024-01-01 04:50:00,50,66.65511642748694,0
2024-01-01 04:51:00,43,49.58320368357625,0
2024-01-01 04:52:00,31,76.59016444016203,1
2024-01-01 04:53:00,34,69.48241734143197,0
2024-01-01 04:54:00,47,30.24664869560754,0
2024-01-01 04:55:00,93,64.44746094850035,1
2024-01-01 04:56:00,86,60.50074111289741,0
2024-01-01 04:57:00,83,23.128023157704096,0
2024-01-01 04:58:00,20,44.68245393196811,0
2024-01-01 04:59:00,66,52.507929311622185,0
2024-01-01 05:00:00,70,37.04475866378148,0
2024-01-01 05:01:00,93,34.485731393760204,1
2024-01-01 05:02:00,72,76.35160110131926,1
2024-01-01 05:03:00,94,29.132705046882798,1
2024-01-01 05:04:00,19,45.4423942091081,0
2024-01-01 05:05:00,11,45.667577131068825,0
2024-01-01 05:06:00,83,65.77564430839004,0
2024-01-01 05:07:00,83,30.688818041309887,0
2024-01-01 05:08:00,75,33.22179460557436,0
2024-01-01 05:09:00,52,33.48632323505542,0
2024-01-01 05:10:00,83,65.51509879811101,0
2024-01-01 05:11:00,55,51.63556142102586,0
2024-01-01 05:12:00,96,73.66635472840991,1
2024-01-01 05:13:00,85,61.01048289403057,0
2024-01-01 05:14:00,92,77.10085590114096,1
2024-01-01 05:15:00,53,55.62567127446535,0
2024-01-01 05:16:00,87,40.30687806343917,0
2024-01-01 05:17:00,70,70.07153579384939,0
2024-01-01 05:18:00,10,75.65821420686737,1
2024-01-01 05:19:00,45,63.17969873210652,0
2024-01-01 05:20:00,94,75.52176248149163,1
2024-01-01 05:21:00,67,64.82269012376409,0
2024-01-01 05:22:00,11,58.513075925076535,0
2024-01-01 05:23:00,58,47.226199265890784,0
2024-01-01 05:24:00,97,35.62321606134209,1
2024-01-01 05:25:00,12,40.352035650034175,0
2024-01-01 05:26:00,16,74.94801420192353,0
2024-01-01 05:27:00,85,26.066130985074643,0
2024-01-01 05:28:00,64,59.51236583413402,0
2024-01-01 05:29:00,47,31.553683385940783,0
2024-01-01 05:30:00,78,39.987596012449714,0
2024-01-01 05:31:00,94,55.01997676317218,1
2024-01-01 05:32:00,93,24.590237406262503,1
2024-01-01 05:33:00,15,51.18673002029929,0
2024-01-01 05:34:00,40,55.31435262740061,0
2024-01-01 05:35:00,11,23.987369906339193,0
2024-01-01 05:36:00,26,48.26534569234918,0
2024-01-01 05:37:00,38,35.03440151014962,0
2024-01-01 05:38:00,62,24.549315362575157,0
2024-01-01 05:39:00,30,34.00137284182382,0
2024-01-01 05:40:00,100,61.2031640268244,1
2024-01-01 05:41:00,82,24.227323755941242,0
2024-01-01 05:42:00,26,53.94146272231462,0
2024-01-01 05:43:00,60,57.614216337261006,0
2024-01-01 05:44:00,10,23.004713679693857,0
2024-01-01 05:45:00,18,29.205706451691107,0
2024-01-01 05:46:00,46,39.28258482239584,0
2024-01-01 05:47:00,10,72.18767578213121,0
2024-01-01 05:48:00,34,27.061631516936792,0
2024-01-01 05:49:00,63,79.52572194359044,1
2024-01-01 05:50:00,53,24.997856855971733,0
2024-01-01 05:51:00,54,69.75225085694018,0
2024-01-01 05:52:00,24,48.829225246884576,0
2024-01-01 05:53:00,97,25.985210591758864,1
2024-01-01 05:54:00,96,21.823012810620398,1
2024-01-01 05:55:00,85,57.385516511589806,0
2024-01-01 05:56:00,94,50.81956483725321,1
2024-01-01 05:57:00,68,59.61109017756819,0
2024-01-01 05:58:00,82,72.50722471203632,0
2024-01-01 05:59:00,12,35.71903612443771,0
2024-01-01 06:00:00,55,79.67169728345023,1
2024-01-01 06:01:00,78,35.41457582834627,0
2024-01-01 06:02:00,76,25.469363192942318,0
2024-01-01 06:03:00,34,61.418537167665434,0
2024-01-01 06:04:00,18,23.707692844079588,0
2024-01-01 06:05:00,93,34.044983362155975,1
2024-01-01 06:06:00,91,51.342658792400364,1
2024-01-01 06:07:00,10,51.68663512049381,0
2024-01-01 06:08:00,24,60.79843132471938,0
2024-01-01 06:09:00,66,42.11333037234945,0
2024-01-01 06:10:00,82,45.102124257547,0
2024-01-01 06:11:00,43,51.34791619211787,0
2024-01-01 06:12:00,94,63.18737739806723,1
2024-01-01 06:13:00,81,65.9536340869777,0
2024-01-01 06:14:00,15,41.51118023645144,0
2024-01-01 06:15:00,39,71.43280508111438,0
2024-01-01 06:16:00,82,51.36341457416714,0
2024-01-01 06:17:00,46,69.01028176468962,0
2024-01-01 06:18:00,30,36.95684995251136,0
2024-01-01 06:19:00,44,69.70321306623276,0
2024-01-01 06:20:00,34,42.09681170012732,0
2024-01-01 06:21:00,45,20.557233479385097,0
2024-01-01 06:22:00,23,71.79486055316652,0
2024-01-01 06:23:00,71,44.89094835808631,0
2024-01-01 06:24:00,74,47.67886025613261,0
2024-01-01 06:25:00,98,49.82329947646323,1
2024-01-01 06:26:00,96,60.144553527844735,1
2024-01-01 06:27:00,56,48.39861346621391,0
2024-01-01 06:28:00,79,28.420674518946257,0
2024-01-01 06:29:00,90,54.30080443251719,0
2024-01-01 06:30:00,59,67.03261641421506,0
2024-01-01 06:31:00,50,25.600038004348697,0
2024-01-01 06:32:00,10,33.01284741444484,0
2024-01-01 06:33:00,78,21.64704635819511,0
2024-01-01 06:34:00,24,79.98543717170412,1
2024-01-01 06:35:00,84,41.172204000847096,0
2024-01-01 06:36:00,10,77.84577154695805,1
2024-01-01 06:37:00,13,24.150577805043568,0
2024-01-01 06:38:00,15,51.2509037655599,0
2024-01-01 06:39:00,40,59.77912051519653,0
2024-01-01 06:40:00,68,65.24911729258473,0
2024-01-01 06:41:00,83,36.43538303114276,0
2024-01-01 06:42:00,41,51.1925048702683,0
2024-01-01 06:43:00,58,58.19590667633327,0
2024-01-01 06:44:00,29,42.6756338622816,0
2024-01-01 06:45:00,80,28.526469964233705,0
2024-01-01 06:46:00,92,75.32886775809655,1
2024-01-01 06:47:00,87,34.67943175409462,0
2024-01-01 06:48:00,100,64.83880374273059,1
2024-01-01 06:49:00,24,74.1242652518118,0
2024-01-01 06:50:00,64,40.96963129178932,0
2024-01-01 06:51:00,21,25.67766838664934,0
2024-01-01 06:52:00,88,29.194132440926925,0
2024-01-01 06:53:00,55,65.84306164076163,0
2024-01-01 06:54:00,29,47.092713090787896,0
2024-01-01 06:55:00,74,28.216712128508536,0
2024-01-01 06:56:00,64,47.27974493599933,0
2024-01-01 06:57:00,40,36.09954900255744,0
2024-01-01 06:58:00,68,71.29834261147059,0
2024-01-01 06:59:00,54,32.27744034799325,0
2024-01-01 07:00:00,20,38.10700731033647,0
2024-01-01 07:01:00,18,60.890003412241384,0
2024-01-01 07:02:00,36,25.648983188874986,0
2024-01-01 07:03:00,10,35.736033836971515,0
2024-01-01 07:04:00,39,70.30045780597814,0
2024-01-01 07:05:00,80,27.208531669496345,0
2024-01-01 07:06:00,93,58.48899379747952,1
2024-01-01 07:07:00,38,20.93446329205814,0
2024-01-01 07:08:00,73,39.41909805725919,0
2024-01-01 07:09:00,96,23.14292846181782,1
2024-01-01 07:10:00,22,69.41528549895646,0
2024-01-01 07:11:00,32,37.39379481195078,0
2024-01-01 07:12:00,70,22.091915800806273,0
2024-01-01 07:13:00,28,45.86239149069817,0
2024-01-01 07:14:00,30,69.32890573350224,0
2024-01-01 07:15:00,88,68.83248892173324,0
2024-01-01 07:16:00,43,43.750963317187555,0
2024-01-01 07:17:00,13,53.265952283367845,0
2024-01-01 07:18:00,39,33.728952281754076,0
2024-01-01 07:19:00,80,44.562603348625686,0
2024-01-01 07:20:00,77,32.23432652826158,0
2024-01-01 07:21:00,81,66.29724850310572,0
2024-01-01 07:22:00,96,73.73182655386397,1
2024-01-01 07:23:00,10,62.80624983862308,0
2024-01-01 07:24:00,92,50.418189544890254,1
2024-01-01 07:25:00,35,61.85522322306801,0
2024-01-01 07:26:00,44,27.13808675694151,0
2024-01-01 07:27:00,17,51.98573520412678,0
2024-01-01 07:28:00,84,43.247817714089486,0
2024-01-01 07:29:00,14,55.93554788750813,0
2024-01-01 07:30:00,27,73.94760097627432,0
2024-01-01 07:31:00,91,26.557194235250456,1
2024-01-01 07:32:00,80,68.83403465091695,0
2024-01-01 07:33:00,89,22.790535402610185,0
2024-01-01 07:34:00,25,29.43276518990278,0
2024-01-01 07:35:00,32,52.69737872062125,0
2024-01-01 07:36:00,10,30.799924878453844,0
2024-01-01 07:37:00,81,43.6490993339975,0
2024-01-01 07:38:00,96,57.821840803979434,1
2024-01-01 07:39:00,78,62.280522003141634,0
2024-01-01 07:40:00,22,57.808213910127606,0
2024-01-01 07:41:00,71,27.569902381253087,0
2024-01-01 07:42:00,63,51.165051021940364,0
2024-01-01 07:43:00,93,45.08600830708517,1
2024-01-01 07:44:00,38,20.601467118852167,0
2024-01-01 07:45:00,39,54.16721800256185,0
2024-01-01 07:46:00,20,78.14165868639955,1
2024-01-01 07:47:00,63,43.666422192429664,0
2024-01-01 07:48:00,50,32.21327763481754,0
2024-01-01 07:49:00,66,52.80018453310793,0
2024-01-01 07:50:00,22,71.78760131793491,0
2024-01-01 07:51:00,67,50.34236855200885,0
2024-01-01 07:52:00,90,58.707228858407134,0
2024-01-01 07:53:00,61,46.09065775250632,0
2024-01-01 07:54:00,53,31.065077799582042,0
2024-01-01 07:55:00,59,44.27378684796359,0
2024-01-01 07:56:00,55,23.407289574998558,0
2024-01-01 07:57:00,35,54.36974760361604,0
2024-01-01 07:58:00,39,62.02797799558124,0
2024-01-01 07:59:00,90,50.52607225009041,0
2024-01-01 08:00:00,81,43.515416069668454,0
2024-01-01 08:01:00,84,73.98873405337781,0
2024-01-01 08:02:00,38,51.33291732026451,0
2024-01-01 08:03:00,74,47.4631507915186,0
2024-01-01 08:04:00,15,34.86623271580259,0
2024-01-01 08:05:00,52,62.355958862996,0
2024-01-01 08:06:00,16,78.49426781784045,1
2024-01-01 08:07:00,50,37.53336620910529,0
2024-01-01 08:08:00,53,50.74142885408237,0
2024-01-01 08:09:00,82,23.959400065365827,0
2024-01-01 08:10:00,56,79.99786963360262,1
2024-01-01 08:11:00,89,78.7269116636808,1
2024-01-01 08:12:00,39,53.578218149703,0
2024-01-01 08:13:00,49,33.01334997017763,0
2024-01-01 08:14:00,36,69.03129731593327,0
2024-01-01 08:15:00,42,59.54460227087712,0
2024-01-01 08:16:00,33,24.283450194241468,0
2024-01-01 08:17:00,32,62.8524742956715,0
2024-01-01 08:18:00,69,60.93376184707186,0
2024-01-01 08:19:00,73,36.151398868327504,0
2024-01-01 08:20:00,10,37.04948291859317,0
2024-01-01 08:21:00,38,32.92330774182463,0
2024-01-01 08:22:00,43,46.25851940426417,0
2024-01-01 08:23:00,19,62.3667088169491,0
2024-01-01 08:24:00,85,20.845978950901774,0
2024-01-01 08:25:00,14,46.958353589425094,0
2024-01-01 08:26:00,36,27.745339092849605,0
2024-01-01 08:27:00,48,77.46043108529017,1
2024-01-01 08:28:00,30,28.772716246448837,0
2024-01-01 08:29:00,13,23.47007343038282,0
2024-01-01 08:30:00,84,76.38262105356552,1
2024-01-01 08:31:00,18,29.364643221548658,0
2024-01-01 08:32:00,72,28.948838054820687,0
2024-01-01 08:33:00,39,49.829043887655985,0
2024-01-01 08:34:00,93,78.5215607859981,1
2024-01-01 08:35:00,11,74.58327720109989,0
2024-01-01 08:36:00,72,61.30763806752372,0
2024-01-01 08:37:00,17,71.05747825071903,0
2024-01-01 08:38:00,27,56.36513541252375,0
2024-01-01 08:39:00,68,24.598981594265496,0
2024-01-01 08:40:00,88,62.39547198926939,0
2024-01-01 08:41:00,44,39.87529366799577,0
2024-01-01 08:42:00,35,21.14931134678983,0
2024-01-01 08:43:00,66,50.71787443531241,0
2024-01-01 08:44:00,63,73.91851686861634,0
2024-01-01 08:45:00,66,59.89917367100069,0
2024-01-01 08:46:00,37,58.89548825662386,0
2024-01-01 08:47:00,34,65.60191396091984,0
2024-01-01 08:48:00,32,56.07431240506613,0
2024-01-01 08:49:00,30,62.757133883977275,0
2024-01-01 08:50:00,92,59.176015451738515,1
2024-01-01 08:51:00,53,62.44685307142918,0
2024-01-01 08:52:00,49,53.608376075167996,0
2024-01-01 08:53:00,19,77.58625703206295,1
2024-01-01 08:54:00,60,45.7001561667091,0
2024-01-01 08:55:00,97,62.41410261919645,1
2024-01-01 08:56:00,24,43.55794158635261,0
2024-01-01 08:57:00,85,68.19109080860039,0
2024-01-01 08:58:00,49,66.04500844522562,0
2024-01-01 08:59:00,29,42.82731549385072,0
2024-01-01 09:00:00,65,65.17068595127668,0
2024-01-01 09:01:00,85,41.306690362585904,0
2024-01-01 09:02:00,23,49.23633957762463,0
2024-01-01 09:03:00,11,60.39715870289589,0
2024-01-01 09:04:00,38,69.78000512496322,0
2024-01-01 09:05:00,66,37.25683856926773,0
2024-01-01 09:06:00,26,27.4717910958645,0
2024-01-01 09:07:00,35,50.87989143117278,0
2024-01-01 09:08:00,79,32.888632377920494,0
2024-01-01 09:09:00,63,60.229883252425104,0
2024-01-01 09:10:00,19,34.74320586232372,0
2024-01-01 09:11:00,81,68.8387725390588,0
2024-01-01 09:12:00,13,72.76047821139593,0
2024-01-01 09:13:00,34,78.52157216774579,1
2024-01-01 09:14:00,79,20.710050989053155,0
2024-01-01 09:15:00,86,46.76356725097105,0
2024-01-01 09:16:00,41,33.80043277992652,0
2024-01-01 09:17:00,60,73.04753048484176,0
2024-01-01 09:18:00,19,51.46211585699987,0
2024-01-01 09:19:00,56,50.136716645060204,0
2024-01-01 09:20:00,62,66.41003270844563,0
2024-01-01 09:21:00,97,61.661591672775074,1
2024-01-01 09:22:00,71,60.885774400630424,0
2024-01-01 09:23:00,55,40.51117024993232,0
2024-01-01 09:24:00,16,70.68892212336584,0
2024-01-01 09:25:00,24,20.583228336866064,0
2024-01-01 09:26:00,32,50.5765702249128,0
2024-01-01 09:27:00,46,33.56645140025084,0
2024-01-01 09:28:00,39,29.92186087455714,0
2024-01-01 09:29:00,20,20.45304717316244,0
2024-01-01 09:30:00,59,45.50621397468353,0
2024-01-01 09:31:00,36,39.291813566868996,0
2024-01-01 09:32:00,29,54.48439308981891,0
2024-01-01 09:33:00,55,23.33534820686422,0
2024-01-01 09:34:00,97,43.51186517668583,1
2024-01-01 09:35:00,81,26.437775190179586,0
2024-01-01 09:36:00,100,39.59014623141728,1
2024-01-01 09:37:00,96,56.49144875123885,1
2024-01-01 09:38:00,36,43.29438726446041,0
2024-01-01 09:39:00,37,41.093083224355055,0
2024-01-01 09:40:00,16,78.7955598845547,1
2024-01-01 09:41:00,84,73.19907353306989,0
2024-01-01 09:42:00,69,79.51297968572916,1
2024-01-01 09:43:00,37,63.70603662522655,0
2024-01-01 09:44:00,73,64.01453069523646,0
2024-01-01 09:45:00,56,33.44487094406945,0
2024-01-01 09:46:00,36,71.49404201579281,0
2024-01-01 09:47:00,53,47.01856574110802,0
2024-01-01 09:48:00,67,62.62566945898967,0
2024-01-01 09:49:00,35,54.69981048675836,0
2024-01-01 09:50:00,68,22.046446029854685,0
2024-01-01 09:51:00,18,65.29688986840611,0
2024-01-01 09:52:00,33,70.57466510540903,0
2024-01-01 09:53:00,70,67.5595737665302,0
2024-01-01 09:54:00,63,43.39093180854117,0
2024-01-01 09:55:00,79,56.84048314824706,0
2024-01-01 09:56:00,28,51.655215475356655,0
2024-01-01 09:57:00,75,58.44437914066212,0
2024-01-01 09:58:00,70,58.92498225286655,0
2024-01-01 09:59:00,28,61.628897041815236,0
2024-01-01 10:00:00,20,68.50542684485609,0
2024-01-01 10:01:00,87,61.983791919675845,0
2024-01-01 10:02:00,52,25.511566028341157,0
2024-01-01 10:03:00,44,59.04081723105276,0
2024-01-01 10:04:00,11,51.70749572736118,0
2024-01-01 10:05:00,14,54.16232608639432,0
2024-01-01 10:06:00,51,29.50362396938536,0
2024-01-01 10:07:00,14,42.86470812675692,0
2024-01-01 10:08:00,58,65.22573607152655,0
2024-01-01 10:09:00,57,45.691409701262714,0
2024-01-01 10:10:00,27,69.11050654001289,0
2024-01-01 10:11:00,84,71.79965573974249,0
2024-01-01 10:12:00,34,50.69558696375523,0
2024-01-01 10:13:00,25,44.99662439835981,0
2024-01-01 10:14:00,57,24.730714189644996,0
2024-01-01 10:15:00,79,52.658382336071405,0
2024-01-01 10:16:00,46,66.45489838616501,0
2024-01-01 10:17:00,34,65.70383615547954,0
2024-01-01 10:18:00,41,49.794561990638925,0
2024-01-01 10:19:00,55,42.540519948557204,0
2024-01-01 10:20:00,84,68.1706275419427,0
2024-01-01 10:21:00,79,44.483946820005286,0
2024-01-01 10:22:00,98,25.00604640834176,1
2024-01-01 10:23:00,46,64.25670392449354,0
2024-01-01 10:24:00,99,25.363279428102643,1
2024-01-01 10:25:00,24,42.16048338481763,0
2024-01-01 10:26:00,11,65.0140029228975,0
2024-01-01 10:27:00,60,70.8564275732594,0
2024-01-01 10:28:00,91,71.0097674635036,1
2024-01-01 10:29:00,10,56.33663671545778,0
2024-01-01 10:30:00,90,29.360546641715175,0
2024-01-01 10:31:00,34,43.41969889030531,0
2024-01-01 10:32:00,19,59.55227357277842,0
2024-01-01 10:33:00,46,27.709613724025417,0
2024-01-01 10:34:00,13,57.46251222028525,0
2024-01-01 10:35:00,17,27.35349562125009,0
2024-01-01 10:36:00,21,23.33456747819922,0
2024-01-01 10:37:00,21,45.14312544619234,0
2024-01-01 10:38:00,69,67.99492830551408,0
2024-01-01 10:39:00,30,29.1644307487659,0
2024-01-01 10:40:00,73,22.190723061692047,0
2024-01-01 10:41:00,31,78.67203262728012,1
2024-01-01 10:42:00,30,47.795513691120036,0
2024-01-01 10:43:00,50,54.05798389178857,0
2024-01-01 10:44:00,65,49.976748087474334,0
2024-01-01 10:45:00,23,22.468528643625415,0
2024-01-01 10:46:00,24,46.6640503982468,0
2024-01-01 10:47:00,71,41.05956811856179,0
2024-01-01 10:48:00,28,41.755300763780674,0
2024-01-01 10:49:00,28,47.75922771436315,0
2024-01-01 10:50:00,46,52.88293538288991,0
2024-01-01 10:51:00,23,71.14836416543545,0
2024-01-01 10:52:00,78,60.62116068212856,0
2024-01-01 10:53:00,19,35.00509430754267,0
2024-01-01 10:54:00,38,51.71516499538957,0
2024-01-01 10:55:00,64,64.30303712789899,0
2024-01-01 10:56:00,22,48.01380000309604,0
2024-01-01 10:57:00,43,76.29673392699722,1
2024-01-01 10:58:00,93,44.55871229946296,1
2024-01-01 10:59:00,30,29.338198403714316,0
2024-01-01 11:00:00,20,52.67035361700401,0
2024-01-01 11:01:00,18,51.3109804628323,0
2024-01-01 11:02:00,14,61.93910810006732,0
2024-01-01 11:03:00,44,52.44230750172503,0
2024-01-01 11:04:00,65,75.71543666138783,1
2024-01-01 11:05:00,28,69.15682095587265,0
2024-01-01 11:06:00,94,25.144781601004382,1
2024-01-01 11:07:00,96,56.03979796199651,1
2024-01-01 11:08:00,15,63.2879723476063,0
2024-01-01 11:09:00,57,61.23728078723516,0
2024-01-01 11:10:00,50,21.114264785402355,0
2024-01-01 11:11:00,96,79.791256810074,1
2024-01-01 11:12:00,24,57.430580776267234,0
2024-01-01 11:13:00,32,21.07383946634959,0
2024-01-01 11:14:00,72,35.15991132867331,0
2024-01-01 11:15:00,86,26.730127521948386,0
2024-01-01 11:16:00,56,58.94305988494811,0
2024-01-01 11:17:00,16,33.50476566983275,0
2024-01-01 11:18:00,25,70.3434305511181,0
2024-01-01 11:19:00,65,42.905291621255245,0
2024-01-01 11:20:00,18,28.245983201221954,0
2024-01-01 11:21:00,30,74.77939760189281,0
2024-01-01 11:22:00,38,78.59191020800137,1
2024-01-01 11:23:00,21,31.345043238390083,0
2024-01-01 11:24:00,61,59.07207871738069,0
2024-01-01 11:25:00,66,49.09500271401285,0
2024-01-01 11:26:00,12,59.28887040552352,0
2024-01-01 11:27:00,44,61.65260686700652,0
2024-01-01 11:28:00,57,51.293931209119535,0
2024-01-01 11:29:00,30,69.1464362446458,0
2024-01-01 11:30:00,84,45.332061848035266,0
2024-01-01 11:31:00,33,67.78191618118944,0
2024-01-01 11:32:00,50,54.79799565077403,0
2024-01-01 11:33:00,70,23.944303507093316,0
2024-01-01 11:34:00,23,23.50901556735447,0
2024-01-01 11:35:00,96,61.60060239925283,1
2024-01-01 11:36:00,65,40.827029240595934,0
2024-01-01 11:37:00,95,34.325418489187896,1
2024-01-01 11:38:00,30,20.357901832682405,0
2024-01-01 11:39:00,78,29.805846733216335,0
2024-01-01 11:40:00,39,66.07386127982949,0
2024-01-01 11:41:00,77,40.99427916807194,0
2024-01-01 11:42:00,87,70.20646576448533,0
2024-01-01 11:43:00,89,72.08142237441626,0
2024-01-01 11:44:00,74,33.274502546436075,0
2024-01-01 11:45:00,86,48.55397163318534,0
2024-01-01 11:46:00,21,57.89425632861884,0
2024-01-01 11:47:00,13,77.84083702829247,1
2024-01-01 11:48:00,27,62.625057323052005,0
2024-01-01 11:49:00,47,65.49774227120452,0
2024-01-01 11:50:00,61,59.74326254276704,0
2024-01-01 11:51:00,96,30.361634830812285,1
2024-01-01 11:52:00,75,58.41028330691454,0
2024-01-01 11:53:00,12,52.55701311662579,0
2024-01-01 11:54:00,35,39.41539878683167,0
2024-01-01 11:55:00,95,72.08263109930672,1
2024-01-01 11:56:00,26,26.062274032017797,0
2024-01-01 11:57:00,80,38.690962613351736,0
2024-01-01 11:58:00,38,29.668736971751372,0
2024-01-01 11:59:00,54,23.318697768343334,0
2024-01-01 12:00:00,34,74.39346292347929,0
2024-01-01 12:01:00,70,63.57128713119364,0
2024-01-01 12:02:00,74,70.46837004917452,0
2024-01-01 12:03:00,50,78.93285582557019,1
2024-01-01 12:04:00,49,62.83331731077851,0
2024-01-01 12:05:00,19,44.41950781761328,0
2024-01-01 12:06:00,13,30.023028104716694,0
2024-01-01 12:07:00,46,38.845981179388716,0
2024-01-01 12:08:00,56,73.552293756436,0
2024-01-01 12:09:00,97,65.14119674423085,1
2024-01-01 12:10:00,73,68.22949889942339,0
2024-01-01 12:11:00,73,76.44621624973448,1
2024-01-01 12:12:00,49,23.578932390048763,0
2024-01-01 12:13:00,87,30.683818849306235,0
2024-01-01 12:14:00,30,39.422679038711124,0
2024-01-01 12:15:00,15,62.96179331013489,0
2024-01-01 12:16:00,46,53.234163333142575,0
2024-01-01 12:17:00,31,29.055173261938045,0
2024-01-01 12:18:00,16,20.060168752986133,0
2024-01-01 12:19:00,45,73.58840461385158,0
2024-01-01 12:20:00,73,29.41093777690967,0
2024-01-01 12:21:00,94,51.836027887704795,1
2024-01-01 12:22:00,89,22.115581813566685,0
2024-01-01 12:23:00,94,70.6883054263825,1
2024-01-01 12:24:00,74,24.95503141428365,0
2024-01-01 12:25:00,68,70.2949408206557,0
2024-01-01 12:26:00,38,73.2207670550121,0
2024-01-01 12:27:00,42,51.80195713379923,0
2024-01-01 12:28:00,18,48.03421797934322,0
2024-01-01 12:29:00,63,46.6833422046143,0
2024-01-01 12:30:00,84,42.59921497681451,0
2024-01-01 12:31:00,75,54.17767645915405,0
2024-01-01 12:32:00,39,69.68337302163177,0
2024-01-01 12:33:00,61,65.19217428700065,0
2024-01-01 12:34:00,69,24.494836549941756,0
2024-01-01 12:35:00,21,65.62272891290648,0
2024-01-01 12:36:00,60,49.20900013081571,0
2024-01-01 12:37:00,12,30.19704378583277,0
2024-01-01 12:38:00,68,46.116365849077084,0
2024-01-01 12:39:00,63,72.91095859757304,0
2024-01-01 12:40:00,60,61.303714414327686,0
2024-01-01 12:41:00,93,37.24514168863496,1
2024-01-01 12:42:00,100,33.952229678670356,1
2024-01-01 12:43:00,78,35.17944988153837,0
2024-01-01 12:44:00,13,65.83632075285018,0
2024-01-01 12:45:00,78,76.48006947961032,1
2024-01-01 12:46:00,67,76.6099165766939,1
2024-01-01 12:47:00,56,29.07382357921155,0
2024-01-01 12:48:00,83,50.36633171755191,0
2024-01-01 12:49:00,64,73.72146319718894,0
2024-01-01 12:50:00,27,77.23799216270166,1
2024-01-01 12:51:00,47,65.34198856867033,0
2024-01-01 12:52:00,27,43.102458992022584,0
2024-01-01 12:53:00,88,74.69042903240909,0
2024-01-01 12:54:00,77,37.78267042157794,0
2024-01-01 12:55:00,51,49.699523503654184,0
2024-01-01 12:56:00,32,70.09372991836975,0
2024-01-01 12:57:00,59,27.128441819820196,0
2024-01-01 12:58:00,37,30.706601991605545,0
2024-01-01 12:59:00,82,38.75011751786083,0
2024-01-01 13:00:00,13,47.77329639021325,0
2024-01-01 13:01:00,75,56.273090256927944,0
2024-01-01 13:02:00,77,48.10738214430904,0
2024-01-01 13:03:00,43,29.134382058241783,0
2024-01-01 13:04:00,67,70.80998890951648,0
2024-01-01 13:05:00,28,64.46443764790925,0
2024-01-01 13:06:00,65,43.02762383534673,0
2024-01-01 13:07:00,47,21.972025843367874,0
2024-01-01 13:08:00,62,44.19573348182338,0
2024-01-01 13:09:00,11,73.64087900253197,0
2024-01-01 13:10:00,85,53.87187446921494,0
2024-01-01 13:11:00,64,33.628173600752724,0
2024-01-01 13:12:00,57,75.99427762921707,1
2024-01-01 13:13:00,73,55.271443141218896,0
2024-01-01 13:14:00,26,51.426958684631565,0
2024-01-01 13:15:00,41,58.741730154662484,0
2024-01-01 13:16:00,22,64.19103980916229,0
2024-01-01 13:17:00,23,56.85466795926898,0
2024-01-01 13:18:00,22,31.57006195156535,0
2024-01-01 13:19:00,80,74.5911365187759,0
2024-01-01 13:20:00,34,58.129526430214824,0
2024-01-01 13:21:00,96,52.96112058410665,1
2024-01-01 13:22:00,97,47.60957331371347,1
2024-01-01 13:23:00,34,25.084299220207285,0
2024-01-01 13:24:00,23,55.74733124206912,0
2024-01-01 13:25:00,84,78.52474027674276,1
2024-01-01 13:26:00,57,54.37081654924439,0
2024-01-01 13:27:00,71,64.29773850378675,0
2024-01-01 13:28:00,75,21.2364740486287,0
2024-01-01 13:29:00,48,20.749731786904317,0
2024-01-01 13:30:00,62,53.06899537214733,0
2024-01-01 13:31:00,62,54.162495794737275,0
2024-01-01 13:32:00,69,32.777218235489,0
2024-01-01 13:33:00,62,45.01849136890072,0
2024-01-01 13:34:00,48,77.60976732266282,1
2024-01-01 13:35:00,73,52.475307694820984,0
2024-01-01 13:36:00,45,63.63446572358351,0
2024-01-01 13:37:00,28,78.56651461957705,1
2024-01-01 13:38:00,49,63.15194199855618,0
2024-01-01 13:39:00,22,76.77124717250015,1
2024-01-01 13:40:00,18,74.66170109621571,0
2024-01-01 13:41:00,36,68.77037164817585,0
2024-01-01 13:42:00,46,59.972372744847966,0
2024-01-01 13:43:00,32,24.068300867099104,0
2024-01-01 13:44:00,10,36.910080596316085,0
2024-01-01 13:45:00,48,64.19126732130884,0
2024-01-01 13:46:00,81,55.12045934896466,0
2024-01-01 13:47:00,99,50.82746192600986,1
2024-01-01 13:48:00,18,71.14614753763163,0
2024-01-01 13:49:00,21,44.74606717913311,0
2024-01-01 13:50:00,70,36.467247446291516,0
2024-01-01 13:51:00,63,70.6654342517887,0
2024-01-01 13:52:00,46,49.043038583175246,0
2024-01-01 13:53:00,49,65.1569780089412,0
2024-01-01 13:54:00,50,75.9007092897623,1
2024-01-01 13:55:00,45,60.90623288290002,0
2024-01-01 13:56:00,64,74.05741148573783,0
2024-01-01 13:57:00,36,27.480934848751193,0
2024-01-01 13:58:00,17,23.370350131463017,0
2024-01-01 13:59:00,52,58.571416668512526,0
2024-01-01 14:00:00,11,27.727869663462698,0
2024-01-01 14:01:00,81,35.35510947059374,0
2024-01-01 14:02:00,22,74.46669091397803,0
2024-01-01 14:03:00,70,63.42958365152481,0
2024-01-01 14:04:00,47,47.76220127901171,0
2024-01-01 14:05:00,68,68.26224146919076,0
2024-01-01 14:06:00,62,68.42218650791324,0
2024-01-01 14:07:00,82,64.00080036514905,0
2024-01-01 14:08:00,16,33.390648883162335,0
2024-01-01 14:09:00,58,34.6480865882057,0
2024-01-01 14:10:00,87,21.37925007897271,0
2024-01-01 14:11:00,22,67.61347557723516,0
2024-01-01 14:12:00,36,67.33064639794463,0
2024-01-01 14:13:00,16,73.35840614411566,0
2024-01-01 14:14:00,84,26.720602241079327,0
2024-01-01 14:15:00,28,52.699883837991045,0
2024-01-01 14:16:00,51,40.258660411569636,0
2024-01-01 14:17:00,61,64.10089201682769,0
2024-01-01 14:18:00,66,52.740606394817895,0
2024-01-01 14:19:00,93,51.319259786679524,1
2024-01-01 14:20:00,61,64.61392451608313,0
2024-01-01 14:21:00,44,54.87039483266779,0
2024-01-01 14:22:00,75,75.87266026241032,1
2024-01-01 14:23:00,18,52.61947272220923,0
2024-01-01 14:24:00,12,51.4660485855336,0
2024-01-01 14:25:00,100,37.56685720026474,1
2024-01-01 14:26:00,87,21.099320262882564,0
2024-01-01 14:27:00,11,55.052071753099774,0
2024-01-01 14:28:00,86,21.95113379456801,0
2024-01-01 14:29:00,29,20.132362942402224,0
2024-01-01 14:30:00,61,20.5537565338793,0
2024-01-01 14:31:00,67,72.28849599092567,0
2024-01-01 14:32:00,19,41.95580035667926,0
2024-01-01 14:33:00,71,63.87865596024367,0
2024-01-01 14:34:00,66,49.32670918318648,0
2024-01-01 14:35:00,79,29.54979457672246,0
2024-01-01 14:36:00,83,73.9997356166401,0
2024-01-01 14:37:00,53,41.5724448745175,0
2024-01-01 14:38:00,62,28.50388182842412,0
2024-01-01 14:39:00,11,42.58513327062772,0
2024-01-01 14:40:00,26,69.44066052708297,0
2024-01-01 14:41:00,70,72.55059128576019,0
2024-01-01 14:42:00,97,30.53570946069373,1
2024-01-01 14:43:00,85,36.78128049175435,0
2024-01-01 14:44:00,34,63.81369955678341,0
2024-01-01 14:45:00,24,24.162330881362422,0
2024-01-01 14:46:00,20,34.67408889747128,0
2024-01-01 14:47:00,49,23.260084443544564,0
2024-01-01 14:48:00,86,66.49006408107101,0
2024-01-01 14:49:00,30,48.94446951492182,0
2024-01-01 14:50:00,51,74.93731650011219,0
2024-01-01 14:51:00,90,62.366938447049314,0
2024-01-01 14:52:00,98,64.18338512679819,1
2024-01-01 14:53:00,90,42.23464028533937,0
2024-01-01 14:54:00,62,38.3029611593921,0
2024-01-01 14:55:00,79,65.80068936888844,0
2024-01-01 14:56:00,20,53.37121887301902,0
2024-01-01 14:57:00,100,34.76362817010231,1
2024-01-01 14:58:00,94,70.69141519520193,1
2024-01-01 14:59:00,42,73.6416500000334,0
2024-01-01 15:00:00,64,41.83726638462236,0
2024-01-01 15:01:00,17,71.71037802851491,0
2024-01-01 15:02:00,28,72.3704007112558,0
2024-01-01 15:03:00,94,51.5409618092793,1
2024-01-01 15:04:00,65,26.72349018648172,0
2024-01-01 15:05:00,30,48.50248852803736,0
2024-01-01 15:06:00,99,56.69763920220626,1
2024-01-01 15:07:00,56,79.75756235253486,1
2024-01-01 15:08:00,99,28.12391369791456,1
2024-01-01 15:09:00,60,61.343156488073,0
2024-01-01 15:10:00,48,43.421513698133815,0
2024-01-01 15:11:00,42,48.91123409584349,0
2024-01-01 15:12:00,44,50.323128002870476,0
2024-01-01 15:13:00,19,57.920549642674345,0
2024-01-01 15:14:00,64,77.19265573980613,1
2024-01-01 15:15:00,85,39.212899366995046,0
2024-01-01 15:16:00,70,70.35258768439607,0
2024-01-01 15:17:00,80,46.41535613394653,0
2024-01-01 15:18:00,38,75.3425849153431,1
2024-01-01 15:19:00,75,41.91144092952826,0
2024-01-01 15:20:00,39,52.78881713051702,0
2024-01-01 15:21:00,36,52.16896725175703,0
2024-01-01 15:22:00,83,37.67092898144578,0
2024-01-01 15:23:00,17,34.93589345645785,0
2024-01-01 15:24:00,22,72.21345907647688,0
2024-01-01 15:25:00,36,66.83277838875566,0
2024-01-01 15:26:00,16,59.70196824409717,0
2024-01-01 15:27:00,73,63.667977110436205,0
2024-01-01 15:28:00,82,72.04390889408582,0
2024-01-01 15:29:00,32,78.98840434817413,1
2024-01-01 15:30:00,100,60.58954788931694,1
2024-01-01 15:31:00,40,29.421432612383853,0
2024-01-01 15:32:00,13,50.77760937252404,0
2024-01-01 15:33:00,61,53.87933543583689,0
2024-01-01 15:34:00,93,24.838942044025227,1
2024-01-01 15:35:00,95,23.129491282998824,1
2024-01-01 15:36:00,55,62.33802793498878,0
2024-01-01 15:37:00,96,35.2900158676111,1
2024-01-01 15:38:00,12,28.97611232158912,0
2024-01-01 15:39:00,50,63.528006127307194,0
2024-01-01 15:40:00,75,28.813882967084677,0
2024-01-01 15:41:00,52,68.65731839449077,0
2024-01-01 15:42:00,51,31.712621540923845,0
2024-01-01 15:43:00,42,42.57736120278548,0
2024-01-01 15:44:00,94,74.52603473506095,1
2024-01-01 15:45:00,35,63.142246332503674,0
2024-01-01 15:46:00,57,67.83177645444891,0
2024-01-01 15:47:00,98,70.27581449521529,1
2024-01-01 15:48:00,64,66.68992160356507,0
2024-01-01 15:49:00,45,58.589104371732965,0
2024-01-01 15:50:00,32,41.203813391749435,0
2024-01-01 15:51:00,19,38.35017736765316,0
2024-01-01 15:52:00,15,21.715236235533546,0
2024-01-01 15:53:00,25,50.96139823210453,0
2024-01-01 15:54:00,62,73.94672271585523,0
2024-01-01 15:55:00,18,57.81250016569469,0
2024-01-01 15:56:00,33,22.38640475529184,0
2024-01-01 15:57:00,27,50.5127040849561,0
2024-01-01 15:58:00,65,78.65539664637211,1
2024-01-01 15:59:00,96,37.16381515122161,1
2024-01-01 16:00:00,89,36.49586078280312,0
2024-01-01 16:01:00,23,33.869223377673244,0
2024-01-01 16:02:00,52,43.52497247527322,0
2024-01-01 16:03:00,63,31.635747512590257,0
2024-01-01 16:04:00,65,41.31359664775371,0
2024-01-01 16:05:00,49,32.07783233272931,0
2024-01-01 16:06:00,45,34.425083489123956,0
2024-01-01 16:07:00,71,51.697025993771895,0
2024-01-01 16:08:00,30,34.54867060828458,0
2024-01-01 16:09:00,43,75.03281519854792,1
2024-01-01 16:10:00,30,54.8024918197074,0
2024-01-01 16:11:00,91,49.64568774097519,1
2024-01-01 16:12:00,57,53.01079574948012,0
2024-01-01 16:13:00,48,21.99754434378408,0
2024-01-01 16:14:00,19,48.54444251207981,0
2024-01-01 16:15:00,25,44.08414821660824,0
2024-01-01 16:16:00,48,65.72888845786963,0
2024-01-01 16:17:00,86,46.66524385774376,0
2024-01-01 16:18:00,92,52.79102653700727,1
2024-01-01 16:19:00,15,64.18714532926151,0
2024-01-01 16:20:00,69,66.44174074390835,0
2024-01-01 16:21:00,66,79.77067219727397,1
2024-01-01 16:22:00,20,70.36649091419582,0
2024-01-01 16:23:00,11,38.90230055686342,0
2024-01-01 16:24:00,37,30.25626993051056,0
2024-01-01 16:25:00,51,45.965601681469536,0
2024-01-01 16:26:00,29,41.16228147715397,0
2024-01-01 16:27:00,74,49.866700135463965,0
2024-01-01 16:28:00,45,58.48629124439376,0
2024-01-01 16:29:00,91,36.19519405423499,1
2024-01-01 16:30:00,41,77.19174399604546,1
2024-01-01 16:31:00,81,70.70194956935126,0
2024-01-01 16:32:00,89,53.92270169268565,0
2024-01-01 16:33:00,21,77.96982239358557,1
2024-01-01 16:34:00,99,49.1538930223855,1
2024-01-01 16:35:00,43,49.60978202731711,0
2024-01-01 16:36:00,87,70.66482797321797,0
2024-01-01 16:37:00,12,65.01948019422824,0
2024-01-01 16:38:00,93,20.666209641577233,1
2024-01-01 16:39:00,47,40.206676251610006,0
